"7","1","7","2013-05-13","14885","955","865","2","2013-12-27 07:12:33"
"8","3","10","2013-12-03","6941","673","373","3","2013-12-27 07:12:33"
"9","4","10","2013-05-05","1513","329","57","1","2013-12-27 07:12:33"
"10","7","9","2013-08-18","293","109","5","2","2013-12-27 07:12:33"
"11","3","6","2013-03-22","11980","770","696","2","2013-12-27 07:12:33"
"12","4","10","2013-01-30","1381","323","49","2","2013-12-27 07:12:33"
"13","3","9","2013-05-05","2480","850","52","3","2013-12-27 07:12:33"
"14","3","6","2013-10-22","10745","835","605","2","2013-12-27 07:12:33"
"15","8","11","2013-03-12","3113","199","181","1","2013-12-27 07:12:33"
"16","5","6","2013-07-14","3725","595","169","2","2013-12-27 07:12:33"
"17","2","7","2013-05-11","825","405","1","3","2013-12-27 07:12:33"
"18","4","10","2013-08-22","6703","599","367","1","2013-12-27 07:12:33"
"19","5","11","2013-04-17","10946","748","630","1","2013-12-27 07:12:33"
"20","2","6","2013-05-14","13613","964","779","3","2013-12-27 07:12:33"
"21","2","9","2013-10-22","5447","586","285","1","2013-12-27 07:12:33"
"22","6","8","2013-06-19","4307","346","241","2","2013-12-27 07:12:33"
"23","7","11","2013-04-06","7881","903","405","1","2013-12-27 07:12:33"
"24","2","6","2013-04-17","1083","399","19","3","2013-12-27 07:12:33"
"25","2","10","2013-02-02","4118","544","202","3","2013-12-27 07:12:33"
"26","3","8","2013-09-03","11170","860","630","3","2013-12-27 07:12:33"
"27","1","9","2013-10-12","2141","223","113","2","2013-12-27 07:12:33"
"28","7","6","2013-12-24","6123","444","349","1","2013-12-27 07:12:33"
"29","7","11","2013-04-06","3201","288","175","2","2013-12-27 07:12:33"
"30","6","7","2013-04-13","2429","232","131","2","2013-12-27 07:12:33"
"31","7","7","2013-05-10","1224","162","60","2","2013-12-27 07:12:33"
"32","4","8","2013-11-08","1854","147","104","1","2013-12-27 07:12:33"
"33","4","10","2013-09-18","7170","795","372","1","2013-12-27 07:12:33"
"34","5","10","2013-11-11","9172","716","516","2","2013-12-27 07:12:33"
"35","2","9","2013-09-09","2330","160","134","3","2013-12-27 07:12:33"
"36","5","8","2013-08-27","695","160","25","2","2013-12-27 07:12:33"
"37","8","8","2013-06-20","10739","652","629","3","2013-12-27 07:12:33"
"38","4","7","2013-05-21","10364","757","590","1","2013-12-27 07:12:33"
"39","3","7","2013-03-13","11218","974","618","3","2013-12-27 07:12:33"
"40","4","10","2013-08-07","2433","144","143","2","2013-12-27 07:12:33"
"41","2","7","2013-12-03","5292","381","302","3","2013-12-27 07:12:33"
"42","1","7","2013-11-03","9402","846","514","2","2013-12-27 07:12:33"
"43","2","11","2013-01-04","1196","148","60","3","2013-12-27 07:12:33"
"44","4","6","2013-03-22","3816","453","194","1","2013-12-27 07:12:33"
"45","5","11","2013-11-13","3966","948","138","3","2013-12-27 07:12:33"
"46","7","11","2013-10-04","3329","607","141","3","2013-12-27 07:12:33"
"47","3","10","2013-11-26","4161","603","197","3","2013-12-27 07:12:33"
"48","1","9","2013-02-25","11638","839","664","1","2013-12-27 07:12:33"
"49","7","7","2013-09-22","10857","696","631","2","2013-12-27 07:12:33"
"50","1","10","2013-08-08","13533","939","777","3","2013-12-27 07:12:33"
"51","3","10","2013-06-10","1781","613","37","2","2013-12-27 07:12:33"
"52","1","7","2013-05-09","838","179","32","2","2013-12-27 07:12:33"
"53","4","11","2013-07-23","2535","240","137","2","2013-12-27 07:12:33"
"54","2","6","2013-08-08","1465","590","19","1","2013-12-27 07:12:33"
"55","2","11","2013-11-09","2984","187","174","2","2013-12-27 07:12:33"
"56","1","6","2013-09-22","5408","409","306","2","2013-12-27 07:12:33"
"57","1","11","2013-07-07","4448","454","236","2","2013-12-27 07:12:33"
"58","4","10","2013-11-22","1385","130","75","3","2013-12-27 07:12:33"
"59","1","11","2013-06-07","782","346","6","2","2013-12-27 07:12:33"
"60","4","10","2013-06-28","11010","720","638","2","2013-12-27 07:12:33"
"61","7","7","2013-09-07","1025","475","5","1","2013-12-27 07:12:33"
"62","4","7","2013-02-01","2262","186","126","3","2013-12-27 07:12:33"
"63","7","6","2013-05-13","11067","981","607","2","2013-12-27 07:12:33"
"64","4","10","2013-05-14","10454","652","610","1","2013-12-27 07:12:33"
"65","4","11","2013-08-14","5705","400","327","3","2013-12-27 07:12:33"
"66","6","7","2013-07-06","1322","496","22","1","2013-12-27 07:12:33"
"67","4","7","2013-12-20","4620","600","228","3","2013-12-27 07:12:33"
"68","3","9","2013-11-15","1991","268","97","1","2013-12-27 07:12:33"
"69","4","6","2013-10-28","4680","390","260","2","2013-12-27 07:12:33"
"70","8","9","2013-09-16","8615","880","457","1","2013-12-27 07:12:33"
"71","1","7","2013-07-12","11064","687","646","1","2013-12-27 07:12:33"
"72","4","7","2013-08-27","2157","426","87","2","2013-12-27 07:12:33"
"73","5","11","2013-01-18","11869","932","667","1","2013-12-27 07:12:33"
"74","5","7","2013-07-11","11720","715","686","3","2013-12-27 07:12:33"
"75","5","8","2013-02-11","5014","887","216","3","2013-12-27 07:12:33"
"76","5","11","2013-12-25","998","484","2","2","2013-12-27 07:12:33"
"77","5","8","2013-10-25","485","175","9","2","2013-12-27 07:12:33"
"78","7","8","2013-10-25","12153","789","705","2","2013-12-27 07:12:33"
"79","8","7","2013-12-14","4776","393","266","1","2013-12-27 07:12:33"
"80","4","7","2013-09-26","6764","862","336","3","2013-12-27 07:12:33"
"81","8","7","2013-11-06","7579","452","445","3","2013-12-27 07:12:33"
"82","7","11","2013-03-01","1962","156","110","3","2013-12-27 07:12:33"
"83","1","9","2013-02-21","10775","640","633","1","2013-12-27 07:12:33"
"84","3","9","2013-11-03","1750","200","90","2","2013-12-27 07:12:33"
"85","3","7","2013-09-15","8674","542","506","1","2013-12-27 07:12:33"
"86","7","11","2013-05-28","1318","269","52","1","2013-12-27 07:12:33"
"87","5","6","2013-04-26","13013","799","761","1","2013-12-27 07:12:33"
"88","7","8","2013-01-15","2984","322","156","3","2013-12-27 07:12:33"
"89","5","11","2013-06-25","12050","880","686","3","2013-12-27 07:12:33"
"90","8","7","2013-10-24","5300","520","284","2","2013-12-27 07:12:33"
"91","4","8","2013-12-24","2007","141","115","2","2013-12-27 07:12:33"
"92","4","8","2013-11-11","9088","914","484","3","2013-12-27 07:12:33"
"93","6","11","2013-02-26","2096","238","108","1","2013-12-27 07:12:33"
"94","1","10","2013-07-24","11401","953","633","3","2013-12-27 07:12:33"
"95","6","6","2013-01-22","2004","147","114","1","2013-12-27 07:12:33"
"96","7","7","2013-08-06","5119","332","297","2","2013-12-27 07:12:33"
"97","3","6","2013-10-02","10380","735","594","1","2013-12-27 07:12:33"
"98","3","11","2013-05-09","11149","782","639","3","2013-12-27 07:12:33"
"99","1","11","2013-10-16","8209","587","469","2","2013-12-27 07:12:33"
"100","7","10","2013-01-22","6955","470","401","1","2013-12-27 07:12:33"
"101","7","9","2013-09-18","8064","477","474","2","2013-12-27 07:12:33"
"102","1","7","2013-03-18","573","249","5","2","2013-12-27 07:12:33"
"103","2","11","2013-03-01","5835","525","319","3","2013-12-27 07:12:33"
"104","1","6","2013-08-04","1347","111","75","3","2013-12-27 07:12:33"
"105","8","10","2013-09-26","6226","608","334","3","2013-12-27 07:12:33"
"106","2","11","2013-05-06","3448","719","134","1","2013-12-27 07:12:33"
"107","1","11","2013-09-23","8687","976","449","3","2013-12-27 07:12:33"
"108","7","6","2013-10-22","2085","225","109","1","2013-12-27 07:12:33"
"109","1","7","2013-07-21","2145","165","121","1","2013-12-27 07:12:33"
"110","3","10","2013-04-05","1390","425","36","3","2013-12-27 07:12:33"
"111","6","10","2013-03-15","2218","134","130","3","2013-12-27 07:12:33"
"112","7","11","2013-11-17","10785","870","603","3","2013-12-27 07:12:33"
"113","7","7","2013-03-03","10646","643","624","2","2013-12-27 07:12:33"
"114","1","11","2013-11-21","3267","516","149","1","2013-12-27 07:12:33"
"115","5","9","2013-01-20","7506","498","434","2","2013-12-27 07:12:33"
"116","2","11","2013-06-16","14455","860","849","2","2013-12-27 07:12:33"
"117","8","6","2013-11-18","10536","738","604","1","2013-12-27 07:12:33"
"118","4","11","2013-05-13","2075","700","45","3","2013-12-27 07:12:33"
"119","4","7","2013-09-16","4263","849","171","1","2013-12-27 07:12:33"
"120","3","10","2013-05-25","3725","460","187","1","2013-12-27 07:12:33"
"121","3","10","2013-06-12","13184","802","772","2","2013-12-27 07:12:33"
"122","6","10","2013-03-08","8695","830","469","2","2013-12-27 07:12:33"
"123","5","7","2013-04-05","2195","445","87","1","2013-12-27 07:12:33"
"124","7","10","2013-03-21","2136","198","116","1","2013-12-27 07:12:33"
"125","2","11","2013-08-09","8343","579","479","2","2013-12-27 07:12:33"
"126","1","7","2013-12-06","2508","294","128","2","2013-12-27 07:12:33"
"127","2","7","2013-10-27","3543","444","177","2","2013-12-27 07:12:33"
"128","3","6","2013-05-30","6593","559","365","1","2013-12-27 07:12:33"
"129","8","11","2013-03-10","7308","999","354","1","2013-12-27 07:12:33"
"130","1","10","2013-08-03","2033","769","33","1","2013-12-27 07:12:33"
"131","7","6","2013-02-10","6977","841","353","1","2013-12-27 07:12:33"
"132","4","9","2013-01-28","2202","306","106","1","2013-12-27 07:12:33"
"133","1","8","2013-08-26","3589","437","181","3","2013-12-27 07:12:33"
"134","6","9","2013-12-12","2138","229","112","2","2013-12-27 07:12:33"
"135","3","11","2013-04-06","2828","814","80","2","2013-12-27 07:12:33"
"136","8","6","2013-11-21","1957","656","43","2","2013-12-27 07:12:33"
"137","7","7","2013-01-10","844","167","34","1","2013-12-27 07:12:33"
"138","6","9","2013-08-22","10067","631","587","3","2013-12-27 07:12:33"
"139","8","10","2013-04-27","13235","865","767","1","2013-12-27 07:12:33"
"140","2","9","2013-10-31","3056","313","162","1","2013-12-27 07:12:33"
"141","4","10","2013-05-29","8490","570","490","3","2013-12-27 07:12:33"
"142","7","10","2013-12-14","2461","398","111","2","2013-12-27 07:12:33"
"143","3","9","2013-09-17","2293","254","119","1","2013-12-27 07:12:33"
"144","6","10","2013-06-22","7735","650","429","2","2013-12-27 07:12:33"
"145","8","10","2013-02-11","14951","913","875","3","2013-12-27 07:12:33"
"146","6","6","2013-07-02","9969","627","581","3","2013-12-27 07:12:33"
"147","5","11","2013-06-18","6650","415","388","2","2013-12-27 07:12:33"
"148","8","8","2013-07-25","4235","655","195","2","2013-12-27 07:12:33"
"149","2","7","2013-01-25","11032","971","606","1","2013-12-27 07:12:33"
"150","2","6","2013-11-17","8635","755","475","3","2013-12-27 07:12:33"
"151","5","6","2013-09-08","4133","724","179","1","2013-12-27 07:12:33"
"152","5","6","2013-01-17","3269","277","181","2","2013-12-27 07:12:33"
"153","1","6","2013-06-18","3974","967","136","1","2013-12-27 07:12:33"
"154","4","10","2013-01-26","3610","740","142","2","2013-12-27 07:12:33"
"155","3","11","2013-02-08","878","334","14","2","2013-12-27 07:12:33"
"156","1","11","2013-04-29","8257","806","443","3","2013-12-27 07:12:33"
"157","6","10","2013-01-05","5578","689","280","2","2013-12-27 07:12:33"
"158","2","7","2013-07-03","4678","584","234","1","2013-12-27 07:12:33"
"159","5","10","2013-10-22","5746","548","310","1","2013-12-27 07:12:33"
"160","2","6","2013-03-26","9084","957","478","1","2013-12-27 07:12:33"
"161","1","11","2013-02-03","5598","819","264","2","2013-12-27 07:12:33"
"162","5","6","2013-12-23","7749","492","451","3","2013-12-27 07:12:33"
"163","5","9","2013-09-14","4649","877","193","2","2013-12-27 07:12:33"
"164","1","8","2013-03-29","2556","303","130","1","2013-12-27 07:12:33"
"165","7","11","2013-03-19","4025","415","213","2","2013-12-27 07:12:33"
"166","3","7","2013-07-06","3225","210","187","3","2013-12-27 07:12:33"
"167","8","11","2013-12-10","3275","955","91","3","2013-12-27 07:12:33"
"168","5","9","2013-10-27","6067","401","351","3","2013-12-27 07:12:33"
"169","7","9","2013-12-04","10007","676","577","3","2013-12-27 07:12:33"
"170","7","7","2013-08-02","4500","780","196","3","2013-12-27 07:12:33"
"171","8","8","2013-10-14","6810","735","356","2","2013-12-27 07:12:33"
"172","3","9","2013-01-28","2703","654","93","2","2013-12-27 07:12:33"
"173","1","9","2013-09-01","7422","951","368","3","2013-12-27 07:12:33"
"174","6","7","2013-02-18","2626","368","126","2","2013-12-27 07:12:33"
"175","1","7","2013-01-05","4619","277","271","1","2013-12-27 07:12:33"
"176","2","8","2013-09-04","1452","531","26","1","2013-12-27 07:12:33"
"177","4","8","2013-02-19","7332","966","360","1","2013-12-27 07:12:33"
"178","3","8","2013-03-13","5994","417","344","1","2013-12-27 07:12:33"
"179","2","8","2013-08-24","1762","191","92","1","2013-12-27 07:12:33"
"180","2","6","2013-07-28","5720","865","266","1","2013-12-27 07:12:33"
"181","4","8","2013-11-20","11420","730","664","3","2013-12-27 07:12:33"
"182","6","9","2013-08-26","5725","740","283","2","2013-12-27 07:12:33"
"183","4","11","2013-07-13","3818","784","150","3","2013-12-27 07:12:33"
"184","3","8","2013-12-22","4893","789","221","3","2013-12-27 07:12:33"
"185","7","7","2013-06-22","3445","290","191","3","2013-12-27 07:12:33"
"186","6","9","2013-01-12","5462","691","272","1","2013-12-27 07:12:33"
"187","3","10","2013-04-20","2578","374","122","3","2013-12-27 07:12:33"
"188","7","11","2013-04-10","2390","475","96","2","2013-12-27 07:12:33"
"189","5","7","2013-06-23","793","284","15","3","2013-12-27 07:12:33"
"190","8","9","2013-01-03","4476","603","218","1","2013-12-27 07:12:33"
"191","6","11","2013-09-02","11012","991","602","1","2013-12-27 07:12:33"
"192","3","11","2013-01-09","6850","710","362","1","2013-12-27 07:12:33"
"193","6","8","2013-08-07","719","352","1","3","2013-12-27 07:12:33"
"194","6","11","2013-05-03","9754","827","540","2","2013-12-27 07:12:33"
"195","4","11","2013-05-20","8125","905","421","2","2013-12-27 07:12:33"
"196","8","9","2013-08-29","9260","970","488","3","2013-12-27 07:12:33"
"197","3","6","2013-01-26","9537","651","549","2","2013-12-27 07:12:33"
"198","8","8","2013-03-08","2057","241","105","1","2013-12-27 07:12:33"
"199","5","6","2013-07-01","5868","669","302","2","2013-12-27 07:12:33"
"200","1","11","2013-04-18","1550","580","26","3","2013-12-27 07:12:33"
"201","6","7","2013-08-13","13108","809","766","3","2013-12-27 07:12:33"
"202","1","10","2013-05-02","4149","417","221","1","2013-12-27 07:12:33"
"203","1","8","2013-07-30","8548","539","498","1","2013-12-27 07:12:33"
"204","6","9","2013-11-21","4765","725","221","3","2013-12-27 07:12:33"
"205","7","6","2013-05-15","3011","598","121","1","2013-12-27 07:12:33"
"206","2","8","2013-10-03","12176","718","716","1","2013-12-27 07:12:33"
"207","2","6","2013-03-24","12854","997","724","3","2013-12-27 07:12:33"
"208","4","6","2013-11-29","2058","189","112","2","2013-12-27 07:12:33"
"209","8","11","2013-01-21","7137","996","343","1","2013-12-27 07:12:33"
"210","8","10","2013-01-02","9885","645","573","2","2013-12-27 07:12:33"
"211","6","9","2013-11-22","2974","422","142","2","2013-12-27 07:12:33"
"212","4","10","2013-05-11","3200","400","160","1","2013-12-27 07:12:33"
"213","8","9","2013-02-06","1149","102","63","1","2013-12-27 07:12:33"
"214","8","9","2013-10-19","3498","339","188","2","2013-12-27 07:12:33"
"215","6","10","2013-06-24","1080","210","44","1","2013-12-27 07:12:33"
"216","8","6","2013-04-17","1254","102","70","1","2013-12-27 07:12:33"
"217","4","9","2013-04-08","3141","363","161","2","2013-12-27 07:12:33"
"218","8","10","2013-10-09","6916","668","372","3","2013-12-27 07:12:33"
"219","5","9","2013-05-31","2007","516","65","3","2013-12-27 07:12:33"
"220","3","7","2013-08-13","734","157","28","1","2013-12-27 07:12:33"
"221","2","7","2013-03-11","10616","748","608","2","2013-12-27 07:12:33"
"222","2","10","2013-03-13","7038","474","406","3","2013-12-27 07:12:33"
"223","7","6","2013-06-18","7778","649","432","3","2013-12-27 07:12:33"
"224","8","11","2013-08-14","12061","818","695","1","2013-12-27 07:12:33"
"225","1","11","2013-11-01","3501","213","205","3","2013-12-27 07:12:33"
"226","5","8","2013-06-23","2874","882","74","2","2013-12-27 07:12:33"
"227","2","9","2013-09-14","4085","565","197","1","2013-12-27 07:12:33"
"228","5","11","2013-05-09","12375","840","713","3","2013-12-27 07:12:33"
"229","8","10","2013-09-17","3051","228","173","3","2013-12-27 07:12:33"
"230","4","6","2013-09-03","6339","537","351","2","2013-12-27 07:12:33"
"231","2","9","2013-07-14","3722","361","200","1","2013-12-27 07:12:33"
"232","5","11","2013-07-27","2471","418","109","3","2013-12-27 07:12:33"
"233","6","9","2013-02-16","550","110","22","3","2013-12-27 07:12:33"
"234","4","6","2013-07-30","5636","508","308","3","2013-12-27 07:12:33"
"235","2","9","2013-11-15","4481","883","181","1","2013-12-27 07:12:33"
"236","8","8","2013-04-13","6646","518","374","1","2013-12-27 07:12:33"
"237","2","7","2013-12-24","1685","475","49","1","2013-12-27 07:12:33"
"238","6","7","2013-05-16","1610","295","68","3","2013-12-27 07:12:33"
"239","2","9","2013-10-19","2939","922","73","2","2013-12-27 07:12:33"
"240","6","9","2013-08-18","4708","344","268","2","2013-12-27 07:12:33"
"241","3","9","2013-09-02","4281","273","249","3","2013-12-27 07:12:33"
"242","5","7","2013-11-02","3548","889","118","1","2013-12-27 07:12:33"
"243","7","11","2013-03-23","5786","493","320","2","2013-12-27 07:12:33"
"244","6","10","2013-08-30","14948","964","868","1","2013-12-27 07:12:33"
"245","5","8","2013-07-05","1083","279","35","2","2013-12-27 07:12:33"
"246","8","8","2013-10-20","8166","588","466","1","2013-12-27 07:12:33"
"247","7","8","2013-05-05","11381","913","637","3","2013-12-27 07:12:33"
"248","4","7","2013-12-04","6029","682","311","1","2013-12-27 07:12:33"
"249","5","8","2013-05-04","2614","632","90","1","2013-12-27 07:12:33"
"250","3","7","2013-06-20","5023","329","291","2","2013-12-27 07:12:33"
"251","4","11","2013-03-28","4598","289","268","1","2013-12-27 07:12:33"
"252","2","8","2013-07-24","16458","984","966","3","2013-12-27 07:12:33"
"253","4","6","2013-04-10","2189","277","109","2","2013-12-27 07:12:33"
"254","1","7","2013-02-04","3530","385","184","2","2013-12-27 07:12:33"
"255","2","7","2013-10-17","1419","627","11","1","2013-12-27 07:12:33"
"256","8","8","2013-01-28","13418","889","776","2","2013-12-27 07:12:33"
"257","7","9","2013-06-27","2754","477","120","1","2013-12-27 07:12:33"
"258","5","10","2013-03-06","5631","978","245","3","2013-12-27 07:12:33"
"259","8","10","2013-11-25","2365","365","109","3","2013-12-27 07:12:33"
"260","1","11","2013-03-26","10935","780","625","3","2013-12-27 07:12:33"
"261","5","11","2013-09-19","3874","632","174","2","2013-12-27 07:12:33"
"262","1","7","2013-06-22","12123","879","691","2","2013-12-27 07:12:33"
"263","6","7","2013-11-29","1973","469","69","1","2013-12-27 07:12:33"
"264","3","7","2013-11-10","4954","347","284","1","2013-12-27 07:12:33"
"265","3","10","2013-12-26","9475","785","527","2","2013-12-27 07:12:33"
"266","3","9","2013-09-10","331","143","3","1","2013-12-27 07:12:33"
"267","6","7","2013-08-17","9643","704","549","3","2013-12-27 07:12:33"
"268","3","7","2013-11-10","11419","962","633","3","2013-12-27 07:12:33"
"269","8","9","2013-08-20","6833","664","367","2","2013-12-27 07:12:33"
"270","2","8","2013-05-10","1607","136","89","3","2013-12-27 07:12:33"
"271","7","8","2013-06-22","4517","301","261","2","2013-12-27 07:12:33"
"272","6","9","2013-12-18","14327","946","829","1","2013-12-27 07:12:33"
"273","4","7","2013-02-15","5622","756","274","3","2013-12-27 07:12:33"
"274","6","6","2013-07-02","7588","944","380","1","2013-12-27 07:12:33"
"275","2","6","2013-09-18","6422","466","366","3","2013-12-27 07:12:33"
"276","8","6","2013-05-27","5167","641","259","2","2013-12-27 07:12:33"
"277","6","9","2013-05-02","5530","635","284","2","2013-12-27 07:12:33"
"278","5","7","2013-09-16","1728","234","84","1","2013-12-27 07:12:33"
"279","4","8","2013-01-31","12106","833","696","3","2013-12-27 07:12:33"
"280","3","8","2013-12-13","2073","129","121","3","2013-12-27 07:12:33"
"281","7","9","2013-11-18","8587","821","463","2","2013-12-27 07:12:33"
"282","3","10","2013-10-12","3694","572","170","2","2013-12-27 07:12:33"
"283","4","8","2013-08-14","2824","182","164","2","2013-12-27 07:12:33"
"284","6","6","2013-02-02","6272","481","354","1","2013-12-27 07:12:33"
"285","4","8","2013-10-09","2411","523","91","3","2013-12-27 07:12:33"
"286","8","11","2013-02-20","3781","803","145","2","2013-12-27 07:12:33"
"287","2","9","2013-02-06","6322","971","292","1","2013-12-27 07:12:33"
"288","1","8","2013-08-12","1963","179","107","1","2013-12-27 07:12:33"
"289","2","8","2013-02-20","631","308","1","3","2013-12-27 07:12:33"
"290","2","8","2013-01-18","8087","526","469","1","2013-12-27 07:12:33"
"291","2","8","2013-04-02","2470","230","134","1","2013-12-27 07:12:33"
"292","5","10","2013-11-23","12399","957","699","1","2013-12-27 07:12:33"
"293","8","9","2013-01-20","6521","778","331","1","2013-12-27 07:12:33"
"294","1","6","2013-07-09","465","165","9","1","2013-12-27 07:12:33"
"295","5","10","2013-09-11","4550","970","174","3","2013-12-27 07:12:33"
"296","3","8","2013-10-04","6137","676","319","2","2013-12-27 07:12:33"
"297","8","6","2013-04-05","911","133","43","3","2013-12-27 07:12:33"
"298","7","8","2013-06-17","3169","437","153","2","2013-12-27 07:12:33"
"299","3","7","2013-04-15","3558","459","176","2","2013-12-27 07:12:33"
"300","3","7","2013-03-07","2916","873","78","1","2013-12-27 07:12:33"
"301","6","7","2013-01-10","2444","172","140","2","2013-12-27 07:12:33"
"302","3","11","2013-08-07","1071","138","53","2","2013-12-27 07:12:33"
"303","4","9","2013-05-19","5587","536","301","3","2013-12-27 07:12:33"
"304","8","7","2013-03-26","3238","359","168","1","2013-12-27 07:12:33"
"305","5","7","2013-12-20","1799","277","83","1","2013-12-27 07:12:33"
"306","5","11","2013-07-13","3465","435","173","3","2013-12-27 07:12:33"
"307","6","11","2013-03-11","5754","342","338","2","2013-12-27 07:12:33"
"308","1","10","2013-06-08","10418","724","598","2","2013-12-27 07:12:33"
"309","8","11","2013-11-10","4490","430","242","1","2013-12-27 07:12:33"
"310","8","9","2013-08-30","2726","673","92","1","2013-12-27 07:12:33"
"311","7","6","2013-10-07","1595","625","23","1","2013-12-27 07:12:33"
"312","5","8","2013-06-11","5986","533","328","2","2013-12-27 07:12:33"
"313","5","6","2013-04-07","16380","975","962","3","2013-12-27 07:12:33"
"314","4","9","2013-04-03","4045","485","205","1","2013-12-27 07:12:33"
"315","1","6","2013-05-14","4502","646","214","3","2013-12-27 07:12:33"
"316","7","11","2013-10-26","9566","778","534","1","2013-12-27 07:12:33"
"317","8","8","2013-01-21","4205","475","217","3","2013-12-27 07:12:33"
"318","4","8","2013-09-23","457","101","17","3","2013-12-27 07:12:33"
"319","8","7","2013-10-17","1880","685","34","2","2013-12-27 07:12:33"
"320","1","8","2013-01-20","5819","487","323","1","2013-12-27 07:12:33"
"321","7","8","2013-11-30","2369","172","135","3","2013-12-27 07:12:33"
"322","7","9","2013-02-17","2153","754","43","3","2013-12-27 07:12:33"
"323","7","8","2013-04-11","3647","901","123","3","2013-12-27 07:12:33"
"324","3","11","2013-07-13","3442","566","154","1","2013-12-27 07:12:33"
"325","5","7","2013-02-02","942","201","36","2","2013-12-27 07:12:33"
"326","8","7","2013-02-17","1568","124","88","3","2013-12-27 07:12:33"
"327","5","9","2013-11-22","5363","379","307","1","2013-12-27 07:12:33"
"328","2","11","2013-01-09","5531","418","313","3","2013-12-27 07:12:33"
"329","4","10","2013-09-07","2791","188","161","2","2013-12-27 07:12:33"
"330","5","9","2013-06-17","3365","400","171","2","2013-12-27 07:12:33"
"331","4","10","2013-05-30","4101","933","149","1","2013-12-27 07:12:33"
"332","2","6","2013-11-10","12080","925","682","1","2013-12-27 07:12:33"
"333","3","8","2013-10-24","692","166","24","3","2013-12-27 07:12:33"
"334","7","8","2013-10-20","4095","285","235","2","2013-12-27 07:12:33"
"335","1","8","2013-12-20","666","303","4","2","2013-12-27 07:12:33"
"336","6","7","2013-01-31","2441","223","133","3","2013-12-27 07:12:33"
"337","5","6","2013-09-10","1578","684","14","3","2013-12-27 07:12:33"
"338","1","9","2013-05-14","2109","417","85","3","2013-12-27 07:12:33"
"339","8","8","2013-05-17","3189","252","179","3","2013-12-27 07:12:33"
"340","1","9","2013-02-18","728","139","30","2","2013-12-27 07:12:33"
"341","3","6","2013-11-02","2700","285","142","2","2013-12-27 07:12:33"
"342","2","7","2013-06-08","8146","938","418","3","2013-12-27 07:12:33"
"343","6","9","2013-08-16","5584","992","240","3","2013-12-27 07:12:33"
"344","3","6","2013-10-11","4529","817","193","3","2013-12-27 07:12:33"
"345","6","6","2013-07-30","3618","534","170","3","2013-12-27 07:12:33"
"346","8","10","2013-09-29","5872","806","284","1","2013-12-27 07:12:33"
"347","3","11","2013-12-14","2466","258","130","1","2013-12-27 07:12:33"
"348","2","8","2013-01-29","2829","252","155","1","2013-12-27 07:12:33"
"349","1","7","2013-11-27","4898","529","256","2","2013-12-27 07:12:33"
"350","5","7","2013-12-10","1568","784","0","3","2013-12-27 07:12:33"
"351","1","8","2013-12-16","4461","948","171","1","2013-12-27 07:12:33"
"352","2","6","2013-12-07","4176","288","240","3","2013-12-27 07:12:33"
"353","7","6","2013-12-07","6335","580","345","2","2013-12-27 07:12:33"
"354","7","8","2013-11-02","3825","540","183","3","2013-12-27 07:12:33"
"355","8","6","2013-12-06","4325","325","245","2","2013-12-27 07:12:33"
"356","2","11","2013-07-19","6044","637","318","2","2013-12-27 07:12:33"
"357","8","11","2013-08-29","7367","856","377","3","2013-12-27 07:12:33"
"358","7","10","2013-11-08","1552","101","90","2","2013-12-27 07:12:33"
"359","6","9","2013-10-17","997","101","53","2","2013-12-27 07:12:33"
"360","4","11","2013-01-08","3846","258","222","2","2013-12-27 07:12:33"
"361","8","10","2013-06-08","7939","647","443","1","2013-12-27 07:12:33"
"362","2","8","2013-03-20","4645","830","199","1","2013-12-27 07:12:33"
"363","5","9","2013-08-20","1499","622","17","1","2013-12-27 07:12:33"
"364","5","8","2013-11-19","1502","721","4","1","2013-12-27 07:12:33"
"365","6","10","2013-04-21","1719","732","17","3","2013-12-27 07:12:33"
"366","8","10","2013-06-04","2934","537","124","2","2013-12-27 07:12:33"
"367","2","11","2013-10-25","12469","752","731","3","2013-12-27 07:12:33"
"368","8","8","2013-12-05","8066","628","454","1","2013-12-27 07:12:33"
"369","2","9","2013-07-21","8068","509","470","3","2013-12-27 07:12:33"
"370","8","10","2013-03-31","11497","941","641","2","2013-12-27 07:12:33"
"371","8","11","2013-05-23","14050","995","804","1","2013-12-27 07:12:33"
"372","3","11","2013-06-16","8924","772","492","3","2013-12-27 07:12:33"
"373","8","9","2013-08-16","409","137","9","1","2013-12-27 07:12:33"
"374","7","9","2013-06-06","2949","972","67","1","2013-12-27 07:12:33"
"375","7","9","2013-09-23","4916","418","272","3","2013-12-27 07:12:33"
"376","7","6","2013-05-14","1350","615","8","3","2013-12-27 07:12:33"
"377","3","7","2013-03-17","2329","272","119","2","2013-12-27 07:12:33"
"378","5","10","2013-06-01","4343","259","255","3","2013-12-27 07:12:33"
"379","2","11","2013-08-15","6765","795","345","2","2013-12-27 07:12:33"
"380","5","9","2013-07-13","5076","993","206","1","2013-12-27 07:12:33"
"381","1","8","2013-07-07","5384","802","252","2","2013-12-27 07:12:33"
"382","3","10","2013-05-23","7488","474","436","2","2013-12-27 07:12:33"
"383","7","9","2013-03-27","3226","623","132","2","2013-12-27 07:12:33"
"384","3","7","2013-02-27","851","133","39","1","2013-12-27 07:12:33"
"385","4","8","2013-08-16","7832","721","426","2","2013-12-27 07:12:33"
"386","2","10","2013-12-07","1524","282","64","1","2013-12-27 07:12:33"
"387","5","6","2013-03-04","8494","632","482","3","2013-12-27 07:12:33"
"388","4","8","2013-02-05","2812","431","130","3","2013-12-27 07:12:33"
"389","1","6","2013-10-16","2161","713","49","1","2013-12-27 07:12:33"
"390","8","10","2013-07-23","9690","735","548","1","2013-12-27 07:12:33"
"391","6","6","2013-03-05","2709","297","141","1","2013-12-27 07:12:33"
"392","8","11","2013-08-12","1783","299","79","2","2013-12-27 07:12:33"
"393","3","9","2013-09-18","2814","237","156","3","2013-12-27 07:12:33"
"394","4","6","2013-03-26","2061","348","91","2","2013-12-27 07:12:33"
"395","7","8","2013-06-19","1145","340","31","3","2013-12-27 07:12:33"
"396","3","9","2013-02-21","3877","926","135","1","2013-12-27 07:12:33"
"397","7","11","2013-05-13","6334","377","372","3","2013-12-27 07:12:33"
"398","8","10","2013-06-04","4359","417","235","3","2013-12-27 07:12:33"
"399","3","9","2013-08-30","7019","922","345","2","2013-12-27 07:12:33"
"400","1","10","2013-03-25","7404","777","390","3","2013-12-27 07:12:33"
"401","3","10","2013-11-08","3304","767","118","2","2013-12-27 07:12:33"
"402","6","7","2013-06-18","1871","643","39","1","2013-12-27 07:12:33"
"403","8","7","2013-12-02","6800","430","396","1","2013-12-27 07:12:33"
"404","3","11","2013-03-30","12477","801","725","2","2013-12-27 07:12:33"
"405","1","6","2013-01-31","1148","229","46","2","2013-12-27 07:12:33"
"406","5","8","2013-10-27","7835","985","391","1","2013-12-27 07:12:33"
"407","7","9","2013-07-12","10406","958","566","1","2013-12-27 07:12:33"
"408","7","6","2013-06-30","11253","984","619","1","2013-12-27 07:12:33"
"409","1","9","2013-04-08","5457","666","275","3","2013-12-27 07:12:33"
"410","3","11","2013-09-30","2521","248","135","1","2013-12-27 07:12:33"
"411","1","8","2013-03-28","5657","346","331","3","2013-12-27 07:12:33"
"412","4","9","2013-01-03","2264","337","106","2","2013-12-27 07:12:33"
"413","7","6","2013-06-06","1929","357","81","1","2013-12-27 07:12:33"
"414","4","6","2013-07-29","4335","525","219","1","2013-12-27 07:12:33"
"415","8","8","2013-07-15","3944","907","142","3","2013-12-27 07:12:33"
"416","5","10","2013-11-28","2251","263","115","3","2013-12-27 07:12:33"
"417","1","7","2013-12-05","11537","931","645","2","2013-12-27 07:12:33"
"418","3","10","2013-07-04","10552","656","616","2","2013-12-27 07:12:33"
"419","5","10","2013-03-22","447","156","9","3","2013-12-27 07:12:33"
"420","6","8","2013-02-09","8003","634","449","2","2013-12-27 07:12:33"
"421","6","6","2013-11-07","992","106","52","3","2013-12-27 07:12:33"
"422","5","9","2013-04-03","2055","510","69","3","2013-12-27 07:12:33"
"423","5","9","2013-05-10","11495","745","667","1","2013-12-27 07:12:33"
"424","5","6","2013-01-21","3265","455","157","1","2013-12-27 07:12:33"
"425","5","7","2013-07-30","10693","794","607","1","2013-12-27 07:12:33"
"426","2","10","2013-11-22","2378","364","110","2","2013-12-27 07:12:33"
"427","8","9","2013-05-29","2449","347","117","2","2013-12-27 07:12:33"
"428","6","6","2013-04-12","8455","530","493","3","2013-12-27 07:12:33"
"429","4","10","2013-10-29","5561","748","271","2","2013-12-27 07:12:33"
"430","7","10","2013-11-12","7607","631","423","1","2013-12-27 07:12:33"
"431","1","7","2013-02-03","2430","750","62","1","2013-12-27 07:12:33"
"432","5","7","2013-03-29","2684","907","58","2","2013-12-27 07:12:33"
"433","1","8","2013-04-28","4011","453","207","3","2013-12-27 07:12:33"
"434","1","11","2013-05-28","5249","472","287","1","2013-12-27 07:12:33"
"435","8","11","2013-08-06","10562","796","598","1","2013-12-27 07:12:33"
"436","7","10","2013-01-25","3958","674","174","3","2013-12-27 07:12:33"
"437","5","8","2013-10-27","1980","990","0","3","2013-12-27 07:12:33"
"438","4","6","2013-03-26","6223","374","365","3","2013-12-27 07:12:33"
"439","5","8","2013-10-20","6209","577","337","2","2013-12-27 07:12:33"
"440","7","11","2013-01-10","2506","218","138","1","2013-12-27 07:12:33"
"441","5","9","2013-08-13","2513","199","141","3","2013-12-27 07:12:33"
"442","7","11","2013-03-12","10237","851","569","3","2013-12-27 07:12:33"
"443","7","6","2013-10-11","12402","786","722","1","2013-12-27 07:12:33"
"444","2","7","2013-06-01","3353","499","157","2","2013-12-27 07:12:33"
"445","4","9","2013-08-19","5409","327","317","3","2013-12-27 07:12:33"
"446","3","11","2013-07-17","1729","227","85","2","2013-12-27 07:12:33"
"447","8","11","2013-11-23","3259","347","171","2","2013-12-27 07:12:33"
"448","8","6","2013-01-20","7492","461","438","2","2013-12-27 07:12:33"
"449","4","7","2013-12-23","3063","189","179","1","2013-12-27 07:12:33"
"450","1","9","2013-03-15","3203","394","161","3","2013-12-27 07:12:33"
"451","2","11","2013-03-13","4054","302","230","3","2013-12-27 07:12:33"
"452","7","7","2013-11-19","4807","461","259","3","2013-12-27 07:12:33"
"453","5","7","2013-04-27","1723","179","91","2","2013-12-27 07:12:33"
"454","4","6","2013-07-10","1869","117","109","2","2013-12-27 07:12:33"
"455","7","8","2013-02-03","2067","141","119","1","2013-12-27 07:12:33"
"456","6","11","2013-12-22","3457","581","153","1","2013-12-27 07:12:33"
"457","3","9","2013-05-25","4443","414","241","1","2013-12-27 07:12:33"
"458","7","10","2013-03-12","7590","465","444","2","2013-12-27 07:12:33"
"459","5","8","2013-05-28","10265","655","597","3","2013-12-27 07:12:33"
"460","5","7","2013-08-19","8525","910","447","1","2013-12-27 07:12:33"
"461","5","9","2013-11-14","1305","285","49","2","2013-12-27 07:12:33"
"462","8","7","2013-07-02","4612","341","262","3","2013-12-27 07:12:33"
"463","6","6","2013-05-25","1059","372","21","2","2013-12-27 07:12:33"
"464","1","11","2013-06-17","14106","963","812","3","2013-12-27 07:12:33"
"465","2","7","2013-09-22","11036","658","648","3","2013-12-27 07:12:33"
"466","1","6","2013-12-13","1526","118","86","1","2013-12-27 07:12:33"
"467","7","9","2013-11-20","5822","481","324","1","2013-12-27 07:12:33"
"468","5","6","2013-06-03","1798","179","96","1","2013-12-27 07:12:33"
"469","2","11","2013-09-08","1501","203","73","3","2013-12-27 07:12:33"
"470","7","10","2013-03-26","3411","963","99","2","2013-12-27 07:12:33"
"471","7","6","2013-07-01","10657","956","583","3","2013-12-27 07:12:33"
"472","5","9","2013-03-13","1051","428","13","2","2013-12-27 07:12:33"
"473","6","11","2013-01-25","1591","173","83","1","2013-12-27 07:12:33"
"474","5","6","2013-01-25","7920","960","400","3","2013-12-27 07:12:33"
"475","2","9","2013-08-24","8321","508","487","2","2013-12-27 07:12:33"
"476","6","6","2013-09-19","7468","449","438","1","2013-12-27 07:12:33"
"477","7","9","2013-01-17","3343","314","181","2","2013-12-27 07:12:33"
"478","7","9","2013-12-17","3777","411","197","2","2013-12-27 07:12:33"
"479","5","9","2013-03-17","4846","323","280","1","2013-12-27 07:12:33"
"480","1","8","2013-02-08","3561","348","191","2","2013-12-27 07:12:33"
"481","5","10","2013-11-09","832","161","34","1","2013-12-27 07:12:33"
"482","4","10","2013-07-04","7068","624","388","2","2013-12-27 07:12:33"
"483","3","6","2013-09-16","7661","823","401","2","2013-12-27 07:12:33"
"484","8","10","2013-02-06","7178","934","354","1","2013-12-27 07:12:33"
"485","6","6","2013-09-29","8504","817","458","3","2013-12-27 07:12:33"
"486","5","9","2013-05-28","2912","301","154","3","2013-12-27 07:12:33"
"487","2","10","2013-05-08","2059","482","73","3","2013-12-27 07:12:33"
"488","5","11","2013-08-11","5074","482","274","1","2013-12-27 07:12:33"
"489","6","6","2013-11-19","2061","123","121","2","2013-12-27 07:12:33"
"490","5","8","2013-07-30","5395","545","287","2","2013-12-27 07:12:33"
"491","1","10","2013-10-16","2988","384","148","2","2013-12-27 07:12:33"
"492","2","7","2013-09-13","2208","894","28","3","2013-12-27 07:12:33"
"493","2","6","2013-04-21","6827","586","377","1","2013-12-27 07:12:33"
"494","2","9","2013-01-24","4941","393","277","1","2013-12-27 07:12:33"
"495","8","6","2013-10-04","7467","696","405","1","2013-12-27 07:12:33"
"496","2","8","2013-04-21","2437","941","37","2","2013-12-27 07:12:33"
"497","1","7","2013-08-16","3690","435","188","3","2013-12-27 07:12:33"
"498","8","6","2013-03-13","3695","385","195","1","2013-12-27 07:12:33"
"499","4","7","2013-09-11","1047","381","19","1","2013-12-27 07:12:33"
"500","8","10","2013-02-24","2556","813","62","3","2013-12-27 07:12:33"
"501","7","11","2013-01-14","4968","354","284","3","2013-12-27 07:12:33"
"502","8","8","2013-08-10","1560","270","68","3","2013-12-27 07:12:33"
"503","7","7","2013-02-07","4216","923","158","2","2013-12-27 07:12:33"
"504","8","10","2013-09-27","5780","580","308","3","2013-12-27 07:12:33"
"505","4","11","2013-11-27","997","326","23","2","2013-12-27 07:12:33"
"506","7","8","2013-08-15","8774","712","490","2","2013-12-27 07:12:33"
"507","8","10","2013-11-01","2075","265","103","3","2013-12-27 07:12:33"
"508","6","6","2013-07-12","16004","952","940","3","2013-12-27 07:12:33"
"509","7","10","2013-07-11","4585","380","255","1","2013-12-27 07:12:33"
"510","1","8","2013-07-10","925","440","3","1","2013-12-27 07:12:33"
"511","4","10","2013-03-04","14511","918","845","3","2013-12-27 07:12:33"
"512","2","7","2013-03-11","5454","462","302","2","2013-12-27 07:12:33"
"513","8","9","2013-09-20","4256","463","222","2","2013-12-27 07:12:33"
"514","8","7","2013-03-13","10289","682","595","3","2013-12-27 07:12:33"
"515","2","10","2013-12-25","2926","458","134","1","2013-12-27 07:12:33"
"516","2","9","2013-06-21","6928","884","344","2","2013-12-27 07:12:33"
"517","2","8","2013-04-07","7503","969","371","1","2013-12-27 07:12:33"
"518","7","9","2013-12-18","10539","972","573","2","2013-12-27 07:12:33"
"519","4","9","2013-09-14","1722","591","36","2","2013-12-27 07:12:33"
"520","8","7","2013-05-31","1678","224","82","3","2013-12-27 07:12:33"
"521","7","7","2013-01-05","2922","246","162","2","2013-12-27 07:12:33"
"522","5","6","2013-11-14","3778","254","218","1","2013-12-27 07:12:33"
"523","7","11","2013-08-20","2228","424","92","3","2013-12-27 07:12:33"
"524","2","10","2013-01-28","6961","998","331","3","2013-12-27 07:12:33"
"525","8","8","2013-02-04","1644","447","50","1","2013-12-27 07:12:33"
"526","7","8","2013-07-30","5304","837","242","2","2013-12-27 07:12:33"
"527","8","6","2013-12-09","6068","514","336","3","2013-12-27 07:12:33"
"528","2","7","2013-10-23","7079","532","401","1","2013-12-27 07:12:33"
"529","5","10","2013-09-24","1871","433","67","3","2013-12-27 07:12:33"
"530","7","7","2013-09-19","3060","480","140","2","2013-12-27 07:12:33"
"531","3","11","2013-12-05","1279","602","5","3","2013-12-27 07:12:33"
"532","4","8","2013-05-17","10549","887","585","1","2013-12-27 07:12:33"
"533","5","7","2013-10-24","2277","171","129","1","2013-12-27 07:12:33"
"534","1","11","2013-01-15","6967","431","407","1","2013-12-27 07:12:33"
"535","5","8","2013-04-06","9627","726","545","2","2013-12-27 07:12:33"
"536","8","9","2013-09-17","8017","551","461","3","2013-12-27 07:12:33"
"537","5","10","2013-12-13","3072","186","180","1","2013-12-27 07:12:33"
"538","2","9","2013-05-22","3467","751","131","3","2013-12-27 07:12:33"
"539","3","8","2013-08-04","4114","752","174","1","2013-12-27 07:12:33"
"540","2","10","2013-10-23","1313","214","59","3","2013-12-27 07:12:33"
"541","3","6","2013-02-03","455","115","15","3","2013-12-27 07:12:33"
"542","8","9","2013-04-29","2790","405","132","1","2013-12-27 07:12:33"
"543","4","8","2013-07-01","6289","632","335","3","2013-12-27 07:12:33"
"544","5","6","2013-11-08","905","115","45","3","2013-12-27 07:12:33"
"545","5","7","2013-05-20","2785","170","163","3","2013-12-27 07:12:33"
"546","2","9","2013-12-20","1246","323","40","3","2013-12-27 07:12:33"
"547","4","9","2013-11-25","2904","282","156","3","2013-12-27 07:12:33"
"548","6","9","2013-06-13","7364","817","382","3","2013-12-27 07:12:33"
"549","8","9","2013-09-20","5916","438","336","2","2013-12-27 07:12:33"
"550","2","9","2013-12-11","1602","246","74","1","2013-12-27 07:12:33"
"551","5","10","2013-02-22","2109","237","109","2","2013-12-27 07:12:33"
"552","7","6","2013-04-13","12230","805","708","1","2013-12-27 07:12:33"
"553","1","7","2013-04-22","4494","612","218","3","2013-12-27 07:12:33"
"554","1","10","2013-06-23","974","247","32","2","2013-12-27 07:12:33"
"555","1","8","2013-08-05","882","381","8","3","2013-12-27 07:12:33"
"556","6","8","2013-12-14","2016","138","116","1","2013-12-27 07:12:33"
"557","8","6","2013-11-18","1577","166","83","1","2013-12-27 07:12:33"
"558","8","8","2013-12-08","2180","265","110","1","2013-12-27 07:12:33"
"559","1","10","2013-11-06","6012","441","342","1","2013-12-27 07:12:33"
"560","1","8","2013-06-22","1836","258","88","3","2013-12-27 07:12:33"
"561","3","9","2013-03-04","6400","620","344","1","2013-12-27 07:12:33"
"562","2","7","2013-09-17","5075","520","269","3","2013-12-27 07:12:33"
"563","7","9","2013-12-17","6724","677","358","1","2013-12-27 07:12:33"
"564","5","11","2013-07-01","3666","498","178","2","2013-12-27 07:12:33"
"565","8","6","2013-10-05","7843","659","435","3","2013-12-27 07:12:33"
"566","7","11","2013-04-16","7378","614","410","1","2013-12-27 07:12:33"
"567","4","6","2013-11-11","8337","951","429","2","2013-12-27 07:12:33"
"568","4","6","2013-02-11","13590","855","792","3","2013-12-27 07:12:33"
"569","2","9","2013-03-12","502","116","18","2","2013-12-27 07:12:33"
"570","2","11","2013-04-21","442","191","4","2","2013-12-27 07:12:33"
"571","3","9","2013-11-05","6219","807","307","3","2013-12-27 07:12:33"
"572","2","7","2013-11-27","1671","243","79","2","2013-12-27 07:12:33"
"573","5","9","2013-11-11","6104","997","274","3","2013-12-27 07:12:33"
"574","2","7","2013-08-05","4130","970","146","1","2013-12-27 07:12:33"
"575","1","7","2013-06-16","2334","417","100","3","2013-12-27 07:12:33"
"576","3","7","2013-01-14","15041","943","877","1","2013-12-27 07:12:33"
"577","3","7","2013-05-23","6014","697","308","3","2013-12-27 07:12:33"
"578","5","7","2013-08-28","10949","727","633","1","2013-12-27 07:12:33"
"579","3","9","2013-11-27","3188","274","176","2","2013-12-27 07:12:33"
"580","6","11","2013-08-25","2103","174","117","1","2013-12-27 07:12:33"
"581","6","7","2013-03-21","1009","167","45","1","2013-12-27 07:12:33"
"582","7","8","2013-02-17","1081","113","57","2","2013-12-27 07:12:33"
"583","8","6","2013-04-05","7994","997","400","3","2013-12-27 07:12:33"
"584","7","7","2013-03-28","3643","314","201","3","2013-12-27 07:12:33"
"585","8","10","2013-11-02","6767","571","375","2","2013-12-27 07:12:33"
"586","1","10","2013-02-13","14218","884","830","2","2013-12-27 07:12:33"
"587","1","9","2013-10-15","923","109","47","3","2013-12-27 07:12:33"
"588","6","11","2013-10-09","7236","528","412","3","2013-12-27 07:12:33"
"589","1","10","2013-04-06","6722","751","348","1","2013-12-27 07:12:33"
"590","6","11","2013-07-09","2662","311","136","2","2013-12-27 07:12:33"
"591","5","8","2013-05-29","3642","321","200","1","2013-12-27 07:12:33"
"592","8","8","2013-10-01","5142","486","278","2","2013-12-27 07:12:33"
"593","3","10","2013-06-08","5630","355","328","1","2013-12-27 07:12:33"
"594","7","6","2013-05-25","5057","706","243","3","2013-12-27 07:12:33"
"595","4","6","2013-12-27","5902","971","264","3","2013-12-27 07:12:33"
"596","6","8","2013-12-04","14033","979","805","2","2013-12-27 07:12:33"
"597","6","9","2013-10-20","3889","602","179","1","2013-12-27 07:12:33"
"598","5","7","2013-11-06","328","149","2","1","2013-12-27 07:12:33"
"599","1","6","2013-11-22","15571","968","909","3","2013-12-27 07:12:33"
"600","5","11","2013-12-18","3093","279","169","3","2013-12-27 07:12:33"
"601","2","8","2013-11-11","3688","299","206","3","2013-12-27 07:12:33"
"602","5","9","2013-08-12","2112","216","112","3","2013-12-27 07:12:33"
"603","1","6","2013-05-02","12633","969","713","2","2013-12-27 07:12:33"
"604","7","8","2013-10-15","5704","407","326","1","2013-12-27 07:12:33"
"605","1","10","2013-04-19","10606","683","616","2","2013-12-27 07:12:33"
"606","5","7","2013-11-17","8124","792","436","1","2013-12-27 07:12:33"
"607","5","9","2013-03-17","15414","912","906","2","2013-12-27 07:12:33"
"608","2","7","2013-03-21","6861","813","349","1","2013-12-27 07:12:33"
"609","4","8","2013-05-29","961","278","27","3","2013-12-27 07:12:33"
"610","4","11","2013-09-28","1849","302","83","1","2013-12-27 07:12:33"
"611","1","10","2013-10-07","2031","333","91","2","2013-12-27 07:12:33"
"612","5","11","2013-05-04","5492","466","304","1","2013-12-27 07:12:33"
"613","6","9","2013-12-17","1298","634","2","3","2013-12-27 07:12:33"
"614","4","8","2013-12-17","3099","957","79","2","2013-12-27 07:12:33"
"615","8","11","2013-11-20","10079","907","551","1","2013-12-27 07:12:33"
"616","4","10","2013-11-05","2850","615","108","2","2013-12-27 07:12:33"
"617","4","9","2013-04-21","5534","352","322","1","2013-12-27 07:12:33"
"618","4","8","2013-03-07","13122","861","760","3","2013-12-27 07:12:33"
"619","5","11","2013-09-05","12234","852","702","1","2013-12-27 07:12:33"
"620","1","11","2013-02-16","9966","948","538","2","2013-12-27 07:12:33"
"621","1","9","2013-03-28","1795","320","77","3","2013-12-27 07:12:33"
"622","4","7","2013-11-20","779","127","35","1","2013-12-27 07:12:33"
"623","2","10","2013-08-31","1323","624","5","3","2013-12-27 07:12:33"
"624","8","8","2013-11-28","6167","841","299","3","2013-12-27 07:12:33"
"625","1","7","2013-03-03","8340","960","428","1","2013-12-27 07:12:33"
"626","6","9","2013-02-09","5926","623","312","1","2013-12-27 07:12:33"
"627","6","8","2013-08-21","8720","610","500","2","2013-12-27 07:12:33"
"628","4","6","2013-07-15","1830","330","78","1","2013-12-27 07:12:33"
"629","1","8","2013-11-13","785","265","17","2","2013-12-27 07:12:33"
"630","3","7","2013-06-11","9018","564","526","2","2013-12-27 07:12:33"
"631","4","9","2013-04-26","668","184","20","3","2013-12-27 07:12:33"
"632","3","9","2013-07-07","890","250","26","2","2013-12-27 07:12:33"
"633","8","10","2013-11-06","8698","884","462","2","2013-12-27 07:12:33"
"634","3","11","2013-07-09","3237","471","153","1","2013-12-27 07:12:33"
"635","5","6","2013-04-29","3579","717","143","3","2013-12-27 07:12:33"
"636","8","9","2013-01-26","9266","688","526","2","2013-12-27 07:12:33"
"637","1","10","2013-05-14","5976","423","342","2","2013-12-27 07:12:33"
"638","3","9","2013-02-04","1648","104","96","1","2013-12-27 07:12:33"
"639","6","8","2013-03-01","970","125","48","3","2013-12-27 07:12:33"
"640","1","11","2013-08-25","8677","611","497","3","2013-12-27 07:12:33"
"641","2","7","2013-03-08","3410","235","196","3","2013-12-27 07:12:33"
"642","6","6","2013-10-12","2007","186","109","3","2013-12-27 07:12:33"
"643","8","9","2013-03-14","1698","354","66","2","2013-12-27 07:12:33"
"644","2","9","2013-02-21","14189","952","819","2","2013-12-27 07:12:33"
"645","1","8","2013-10-25","4973","784","227","1","2013-12-27 07:12:33"
"646","1","7","2013-05-27","5075","895","219","2","2013-12-27 07:12:33"
"647","1","7","2013-07-04","2640","885","58","2","2013-12-27 07:12:33"
"648","7","10","2013-08-18","12648","744","744","1","2013-12-27 07:12:33"
"649","1","10","2013-06-19","9364","632","540","3","2013-12-27 07:12:33"
"650","1","11","2013-10-01","947","106","49","1","2013-12-27 07:12:33"
"651","5","7","2013-07-31","1004","502","0","1","2013-12-27 07:12:33"
"652","5","11","2013-09-20","2204","172","124","2","2013-12-27 07:12:33"
"653","1","10","2013-08-20","4051","278","233","3","2013-12-27 07:12:33"
"654","1","6","2013-10-15","4300","395","234","3","2013-12-27 07:12:33"
"655","3","7","2013-10-31","1208","319","38","3","2013-12-27 07:12:33"
"656","2","10","2013-08-03","3573","534","167","1","2013-12-27 07:12:33"
"657","4","10","2013-09-08","4832","781","218","2","2013-12-27 07:12:33"
"658","3","9","2013-07-13","9089","967","477","2","2013-12-27 07:12:33"
"659","1","8","2013-08-28","1344","117","74","1","2013-12-27 07:12:33"
"660","3","11","2013-04-04","9087","696","513","2","2013-12-27 07:12:33"
"661","2","8","2013-03-23","6986","748","366","2","2013-12-27 07:12:33"
"662","3","8","2013-10-23","2516","208","140","1","2013-12-27 07:12:33"
"663","3","7","2013-08-30","11100","990","608","2","2013-12-27 07:12:33"
"664","6","10","2013-07-08","4732","296","276","3","2013-12-27 07:12:33"
"665","7","11","2013-10-22","10140","600","596","1","2013-12-27 07:12:33"
"666","8","8","2013-11-03","1779","237","87","2","2013-12-27 07:12:33"
"667","6","6","2013-05-13","2736","663","94","2","2013-12-27 07:12:33"
"668","2","11","2013-04-24","3316","593","142","3","2013-12-27 07:12:33"
"669","2","11","2013-03-06","12900","795","754","2","2013-12-27 07:12:33"
"670","8","9","2013-05-09","10713","819","605","2","2013-12-27 07:12:33"
"671","6","9","2013-10-03","1938","129","112","3","2013-12-27 07:12:33"
"672","2","8","2013-02-04","3364","422","168","2","2013-12-27 07:12:33"
"673","3","8","2013-08-02","11998","749","700","3","2013-12-27 07:12:33"
"674","5","10","2013-05-04","5422","701","268","1","2013-12-27 07:12:33"
"675","7","8","2013-08-18","5677","401","325","2","2013-12-27 07:12:33"
"676","6","10","2013-08-02","14641","863","861","3","2013-12-27 07:12:33"
"677","1","8","2013-08-09","4935","585","251","2","2013-12-27 07:12:33"
"678","7","9","2013-08-14","6688","494","380","1","2013-12-27 07:12:33"
"679","8","7","2013-08-04","7242","981","352","3","2013-12-27 07:12:33"
"680","8","8","2013-04-26","5022","831","224","3","2013-12-27 07:12:33"
"681","2","11","2013-09-22","4553","784","199","2","2013-12-27 07:12:33"
"682","6","11","2013-04-17","12155","805","703","3","2013-12-27 07:12:33"
"683","5","11","2013-11-24","1818","534","50","3","2013-12-27 07:12:33"
"684","3","10","2013-02-21","3896","343","214","2","2013-12-27 07:12:33"
"685","5","8","2013-08-23","5527","806","261","1","2013-12-27 07:12:33"
"686","8","7","2013-01-09","4616","793","202","3","2013-12-27 07:12:33"
"687","1","8","2013-05-10","6004","422","344","1","2013-12-27 07:12:33"
"688","6","6","2013-02-23","3843","549","183","1","2013-12-27 07:12:33"
"689","1","8","2013-10-02","1777","146","99","2","2013-12-27 07:12:33"
"690","7","10","2013-08-17","2527","386","117","1","2013-12-27 07:12:33"
"691","2","8","2013-02-09","717","306","7","3","2013-12-27 07:12:33"
"692","5","10","2013-05-21","2409","882","43","2","2013-12-27 07:12:33"
"693","5","9","2013-12-15","4327","731","191","1","2013-12-27 07:12:33"
"694","6","7","2013-05-09","2669","757","77","2","2013-12-27 07:12:33"
"695","4","8","2013-01-02","9644","682","552","2","2013-12-27 07:12:33"
"696","5","7","2013-03-09","3111","198","181","3","2013-12-27 07:12:33"
"697","8","11","2013-01-03","5855","520","321","1","2013-12-27 07:12:33"
"698","8","10","2013-10-27","1720","470","52","2","2013-12-27 07:12:33"
"699","1","11","2013-01-13","2142","471","80","2","2013-12-27 07:12:33"
"700","6","6","2013-07-23","8855","970","461","2","2013-12-27 07:12:33"
"701","7","6","2013-08-06","3744","942","124","3","2013-12-27 07:12:33"
"702","5","11","2013-01-19","2124","192","116","3","2013-12-27 07:12:33"
"703","8","11","2013-10-17","4108","284","236","1","2013-12-27 07:12:33"
"704","5","8","2013-12-06","6004","617","318","2","2013-12-27 07:12:33"
"705","1","8","2013-08-03","4848","414","268","1","2013-12-27 07:12:33"
"706","5","7","2013-08-10","2453","244","131","3","2013-12-27 07:12:33"
"707","3","10","2013-04-20","1540","140","84","3","2013-12-27 07:12:33"
"708","4","11","2013-02-24","4361","673","201","2","2013-12-27 07:12:33"
"709","6","11","2013-10-24","9058","749","504","1","2013-12-27 07:12:33"
"710","5","6","2013-07-06","7988","814","424","3","2013-12-27 07:12:33"
"711","8","9","2013-09-04","4883","874","209","3","2013-12-27 07:12:33"
"712","1","8","2013-04-15","4497","771","197","1","2013-12-27 07:12:33"
"713","6","11","2013-07-10","9924","732","564","2","2013-12-27 07:12:33"
"714","8","8","2013-08-07","10058","664","582","2","2013-12-27 07:12:33"
"715","8","6","2013-03-27","6498","654","346","3","2013-12-27 07:12:33"
"716","6","11","2013-04-18","6710","445","388","2","2013-12-27 07:12:33"
"717","8","8","2013-11-24","3931","293","223","2","2013-12-27 07:12:33"
"718","8","8","2013-05-11","631","113","27","1","2013-12-27 07:12:33"
"719","4","8","2013-11-06","3660","795","138","1","2013-12-27 07:12:33"
"720","8","9","2013-06-18","6709","452","387","3","2013-12-27 07:12:33"
"721","8","7","2013-10-14","881","418","3","3","2013-12-27 07:12:33"
"722","8","11","2013-05-31","10222","656","594","1","2013-12-27 07:12:33"
"723","3","10","2013-08-07","4836","378","272","3","2013-12-27 07:12:33"
"724","5","9","2013-09-30","1170","180","54","1","2013-12-27 07:12:33"
"725","4","8","2013-09-21","948","384","12","2","2013-12-27 07:12:33"
"726","7","11","2013-12-14","12560","925","714","2","2013-12-27 07:12:33"
"727","3","10","2013-11-27","2205","300","107","1","2013-12-27 07:12:33"
"728","2","10","2013-04-07","6810","480","390","1","2013-12-27 07:12:33"
"729","4","10","2013-09-16","4227","276","245","2","2013-12-27 07:12:33"
"730","4","8","2013-07-28","2448","579","86","1","2013-12-27 07:12:33"
"731","2","8","2013-10-01","4051","758","169","1","2013-12-27 07:12:33"
"732","6","6","2013-06-24","1689","522","43","3","2013-12-27 07:12:33"
"733","7","10","2013-10-25","1490","535","28","3","2013-12-27 07:12:33"
"734","4","7","2013-02-10","9714","852","534","3","2013-12-27 07:12:33"
"735","8","7","2013-12-10","10288","809","578","3","2013-12-27 07:12:33"
"736","4","9","2013-07-19","1997","256","99","2","2013-12-27 07:12:33"
"737","7","6","2013-12-05","1566","348","58","2","2013-12-27 07:12:33"
"738","6","10","2013-08-18","4511","718","205","2","2013-12-27 07:12:33"
"739","1","7","2013-07-13","4332","936","164","2","2013-12-27 07:12:33"
"740","5","8","2013-04-03","7691","808","405","1","2013-12-27 07:12:33"
"741","5","10","2013-02-13","619","212","13","1","2013-12-27 07:12:33"
"742","8","11","2013-06-19","5656","638","292","2","2013-12-27 07:12:33"
"743","7","10","2013-07-29","15639","957","915","2","2013-12-27 07:12:33"
"744","3","8","2013-02-24","1010","235","36","2","2013-12-27 07:12:33"
"745","8","9","2013-07-29","2880","270","156","1","2013-12-27 07:12:33"
"746","4","11","2013-08-24","1478","274","62","1","2013-12-27 07:12:33"
"747","2","9","2013-02-18","14277","951","825","1","2013-12-27 07:12:33"
"748","3","7","2013-10-11","1606","203","80","2","2013-12-27 07:12:33"
"749","6","8","2013-08-09","1887","261","91","2","2013-12-27 07:12:33"
"750","4","11","2013-05-27","8918","964","466","3","2013-12-27 07:12:33"
"751","2","6","2013-03-03","11469","972","635","3","2013-12-27 07:12:33"
"752","4","6","2013-03-09","1819","167","99","1","2013-12-27 07:12:33"
"753","7","10","2013-10-22","5805","840","275","1","2013-12-27 07:12:33"
"754","8","9","2013-05-30","3389","247","193","3","2013-12-27 07:12:33"
"755","6","11","2013-12-10","5515","815","259","3","2013-12-27 07:12:33"
"756","1","6","2013-09-04","4214","562","206","1","2013-12-27 07:12:33"
"757","6","8","2013-09-13","5050","905","216","1","2013-12-27 07:12:33"
"758","3","8","2013-09-28","6215","505","347","1","2013-12-27 07:12:33"
"759","1","10","2013-04-01","740","310","8","2","2013-12-27 07:12:33"
"760","7","8","2013-05-02","5064","672","248","1","2013-12-27 07:12:33"
"761","8","6","2013-08-28","269","112","3","2","2013-12-27 07:12:33"
"762","3","11","2013-09-11","2510","355","120","2","2013-12-27 07:12:33"
"763","3","8","2013-09-17","803","259","19","3","2013-12-27 07:12:33"
"764","8","8","2013-04-08","5601","348","327","3","2013-12-27 07:12:33"
"765","3","10","2013-06-17","7231","443","423","1","2013-12-27 07:12:33"
"766","7","8","2013-01-11","5980","410","344","2","2013-12-27 07:12:33"
"767","3","7","2013-06-19","4920","930","204","1","2013-12-27 07:12:33"
"768","2","8","2013-11-28","958","194","38","1","2013-12-27 07:12:33"
"769","2","10","2013-12-10","4366","503","224","1","2013-12-27 07:12:33"
"770","1","6","2013-07-26","4474","347","252","3","2013-12-27 07:12:33"
"771","1","9","2013-05-01","1287","366","37","1","2013-12-27 07:12:33"
"772","3","11","2013-04-04","2114","202","114","2","2013-12-27 07:12:33"
"773","1","10","2013-08-29","5232","996","216","1","2013-12-27 07:12:33"
"774","6","11","2013-12-19","5727","846","269","2","2013-12-27 07:12:33"
"775","2","11","2013-05-16","1725","795","9","3","2013-12-27 07:12:33"
"776","5","9","2013-10-10","7178","829","368","3","2013-12-27 07:12:33"
"777","8","11","2013-09-15","14466","903","844","1","2013-12-27 07:12:33"
"778","4","9","2013-10-24","8320","515","486","3","2013-12-27 07:12:33"
"779","8","7","2013-10-14","9625","710","547","3","2013-12-27 07:12:33"
"780","1","8","2013-01-29","3755","580","173","2","2013-12-27 07:12:33"
"781","8","9","2013-10-02","2008","464","72","1","2013-12-27 07:12:33"
"782","6","7","2013-11-07","6372","741","326","1","2013-12-27 07:12:33"
"783","4","10","2013-04-24","1785","885","1","3","2013-12-27 07:12:33"
"784","3","10","2013-04-07","2589","177","149","2","2013-12-27 07:12:33"
"785","3","6","2013-07-03","8071","578","461","3","2013-12-27 07:12:33"
"786","7","8","2013-02-10","8395","560","485","3","2013-12-27 07:12:33"
"787","5","9","2013-10-14","2494","152","146","1","2013-12-27 07:12:33"
"788","7","6","2013-08-03","7342","446","430","1","2013-12-27 07:12:33"
"789","7","10","2013-07-14","10406","658","606","2","2013-12-27 07:12:33"
"790","6","10","2013-09-11","10730","730","618","2","2013-12-27 07:12:33"
"791","2","6","2013-03-29","8370","600","478","3","2013-12-27 07:12:33"
"792","3","10","2013-06-09","10885","650","639","2","2013-12-27 07:12:33"
"793","7","10","2013-03-29","10298","949","560","1","2013-12-27 07:12:33"
"794","3","9","2013-06-06","5006","643","248","2","2013-12-27 07:12:33"
"795","2","10","2013-09-02","8909","877","477","2","2013-12-27 07:12:33"
"796","1","6","2013-04-23","4176","303","238","3","2013-12-27 07:12:33"
"797","1","11","2013-01-02","2935","245","163","1","2013-12-27 07:12:33"
"798","3","8","2013-06-07","10494","987","568","1","2013-12-27 07:12:33"
"799","6","6","2013-09-10","13427","976","765","1","2013-12-27 07:12:33"
"800","8","6","2013-10-24","2658","489","112","2","2013-12-27 07:12:33"
"801","8","7","2013-12-10","2318","529","84","3","2013-12-27 07:12:33"
"802","3","10","2013-05-19","6337","791","317","2","2013-12-27 07:12:33"
"803","7","11","2013-06-10","11125","950","615","3","2013-12-27 07:12:33"
"804","5","6","2013-02-18","5612","946","248","2","2013-12-27 07:12:33"
"805","4","7","2013-12-24","2061","438","79","3","2013-12-27 07:12:33"
"806","8","11","2013-06-23","10331","793","583","2","2013-12-27 07:12:33"
"807","8","7","2013-04-22","5013","924","211","2","2013-12-27 07:12:33"
"808","6","10","2013-01-08","11467","836","653","2","2013-12-27 07:12:33"
"809","5","10","2013-01-20","803","169","31","2","2013-12-27 07:12:33"
"810","8","7","2013-09-13","5621","613","293","1","2013-12-27 07:12:33"
"811","3","9","2013-05-15","10469","952","571","2","2013-12-27 07:12:33"
"812","5","6","2013-05-30","1112","241","42","2","2013-12-27 07:12:33"
"813","2","6","2013-05-12","5498","394","314","2","2013-12-27 07:12:33"
"814","1","11","2013-11-06","3141","483","145","3","2013-12-27 07:12:33"
"815","7","11","2013-08-19","6692","796","340","1","2013-12-27 07:12:33"
"816","3","6","2013-08-30","998","349","20","1","2013-12-27 07:12:33"
"817","4","11","2013-04-03","4018","344","222","2","2013-12-27 07:12:33"
"818","2","9","2013-07-21","1601","463","45","2","2013-12-27 07:12:33"
"819","6","8","2013-02-18","3550","680","146","3","2013-12-27 07:12:33"
"820","2","10","2013-09-17","3591","603","159","2","2013-12-27 07:12:33"
"821","5","11","2013-08-03","3164","217","182","2","2013-12-27 07:12:33"
"822","1","6","2013-04-23","6050","595","324","2","2013-12-27 07:12:33"
"823","5","6","2013-11-14","6162","546","338","1","2013-12-27 07:12:33"
"824","5","9","2013-01-17","3603","549","167","2","2013-12-27 07:12:33"
"825","1","8","2013-09-01","2999","607","119","2","2013-12-27 07:12:33"
"826","2","11","2013-02-27","9329","622","539","2","2013-12-27 07:12:33"
"827","4","6","2013-02-07","5202","351","300","3","2013-12-27 07:12:33"
"828","7","8","2013-01-08","3226","773","112","3","2013-12-27 07:12:33"
"829","2","8","2013-12-26","2615","430","117","2","2013-12-27 07:12:33"
"830","4","11","2013-09-20","8542","881","452","3","2013-12-27 07:12:33"
"831","7","10","2013-09-29","10089","837","561","2","2013-12-27 07:12:33"
"832","2","8","2013-03-13","1565","130","87","1","2013-12-27 07:12:33"
"833","2","6","2013-06-01","6251","493","351","3","2013-12-27 07:12:33"
"834","1","7","2013-02-19","1396","668","4","2","2013-12-27 07:12:33"
"835","4","10","2013-08-19","6662","421","388","1","2013-12-27 07:12:33"
"836","4","6","2013-04-11","3954","552","190","1","2013-12-27 07:12:33"
"837","2","6","2013-06-14","7950","780","426","2","2013-12-27 07:12:33"
"838","7","6","2013-02-24","5158","824","234","2","2013-12-27 07:12:33"
"839","1","9","2013-12-04","919","422","5","3","2013-12-27 07:12:33"
"840","5","10","2013-02-01","3083","244","173","3","2013-12-27 07:12:33"
"841","3","9","2013-08-12","8348","814","448","2","2013-12-27 07:12:33"
"842","8","11","2013-10-15","1872","141","106","3","2013-12-27 07:12:33"
"843","2","8","2013-05-01","2186","943","20","1","2013-12-27 07:12:33"
"844","3","6","2013-12-09","4050","540","198","2","2013-12-27 07:12:33"
"845","4","7","2013-03-30","4456","578","220","1","2013-12-27 07:12:33"
"846","3","6","2013-03-28","1931","283","91","3","2013-12-27 07:12:33"
"847","3","11","2013-03-27","5250","795","244","2","2013-12-27 07:12:33"
"848","4","10","2013-07-23","662","226","14","1","2013-12-27 07:12:33"
"849","3","7","2013-02-19","4280","955","158","2","2013-12-27 07:12:33"
"850","8","8","2013-05-10","2673","474","115","1","2013-12-27 07:12:33"
"851","3","7","2013-06-29","8633","709","481","1","2013-12-27 07:12:33"
"852","3","8","2013-05-16","6509","592","355","3","2013-12-27 07:12:33"
"853","1","6","2013-02-26","5014","467","272","3","2013-12-27 07:12:33"
"854","7","8","2013-12-20","3481","308","191","2","2013-12-27 07:12:33"
"855","6","9","2013-01-19","2258","229","120","2","2013-12-27 07:12:33"
"856","7","6","2013-07-26","5926","638","310","3","2013-12-27 07:12:33"
"857","4","8","2013-09-16","2426","208","134","3","2013-12-27 07:12:33"
"858","6","6","2013-09-04","11666","823","668","2","2013-12-27 07:12:33"
"859","4","8","2013-09-11","6285","990","287","1","2013-12-27 07:12:33"
"860","8","8","2013-05-18","1969","287","93","1","2013-12-27 07:12:33"
"861","1","9","2013-09-27","5419","617","279","3","2013-12-27 07:12:33"
"862","2","10","2013-04-14","2161","278","107","1","2013-12-27 07:12:33"
"863","5","7","2013-06-30","4072","686","180","3","2013-12-27 07:12:33"
"864","7","6","2013-12-01","4574","727","208","3","2013-12-27 07:12:33"
"865","4","9","2013-10-27","10318","704","594","2","2013-12-27 07:12:33"
"866","5","11","2013-12-16","3470","985","100","1","2013-12-27 07:12:33"
"867","8","9","2013-09-10","1409","112","79","1","2013-12-27 07:12:33"
"868","4","9","2013-07-10","1316","403","34","1","2013-12-27 07:12:33"
"869","1","11","2013-12-07","8243","694","457","1","2013-12-27 07:12:33"
"870","3","7","2013-12-07","4981","308","291","3","2013-12-27 07:12:33"
"871","8","7","2013-06-15","5079","477","275","3","2013-12-27 07:12:33"
"872","5","8","2013-10-14","1649","157","89","1","2013-12-27 07:12:33"
"873","6","11","2013-09-16","5751","963","255","3","2013-12-27 07:12:33"
"874","5","7","2013-05-16","1429","332","51","3","2013-12-27 07:12:33"
"875","7","11","2013-02-04","5996","688","308","3","2013-12-27 07:12:33"
"876","8","7","2013-07-18","8096","508","472","1","2013-12-27 07:12:33"
"877","3","7","2013-05-04","12593","904","719","3","2013-12-27 07:12:33"
"878","4","8","2013-01-14","6735","645","363","2","2013-12-27 07:12:33"
"879","8","9","2013-06-09","6010","890","282","3","2013-12-27 07:12:33"
"880","8","7","2013-06-28","1762","131","100","1","2013-12-27 07:12:33"
"881","3","11","2013-09-30","4194","597","200","2","2013-12-27 07:12:33"
"882","5","10","2013-10-23","9606","843","528","2","2013-12-27 07:12:33"
"883","4","11","2013-04-15","5174","922","222","1","2013-12-27 07:12:33"
"884","1","10","2013-10-26","7039","767","367","2","2013-12-27 07:12:33"
"885","4","9","2013-03-17","1254","297","44","2","2013-12-27 07:12:33"
"886","5","7","2013-08-27","370","140","6","2","2013-12-27 07:12:33"
"887","5","8","2013-12-22","5685","555","305","3","2013-12-27 07:12:33"
"888","4","11","2013-05-27","3737","526","179","1","2013-12-27 07:12:33"
"889","6","8","2013-11-12","1526","313","60","2","2013-12-27 07:12:33"
"890","6","7","2013-08-31","12422","916","706","3","2013-12-27 07:12:33"
"891","1","9","2013-10-26","3272","481","154","3","2013-12-27 07:12:33"
"892","5","9","2013-04-15","369","162","3","3","2013-12-27 07:12:33"
"893","2","10","2013-07-12","7339","947","363","3","2013-12-27 07:12:33"
"894","6","10","2013-06-12","2680","230","148","1","2013-12-27 07:12:33"
"895","3","8","2013-04-16","4679","442","253","1","2013-12-27 07:12:33"
"896","6","8","2013-10-12","2734","197","156","2","2013-12-27 07:12:33"
"897","6","11","2013-03-23","10969","977","601","1","2013-12-27 07:12:33"
"898","1","7","2013-02-04","767","136","33","3","2013-12-27 07:12:33"
"899","7","11","2013-06-22","1332","201","62","3","2013-12-27 07:12:33"
"900","7","7","2013-12-21","3883","254","225","2","2013-12-27 07:12:33"
"901","7","6","2013-03-16","7797","606","439","3","2013-12-27 07:12:33"
"902","3","7","2013-05-23","2276","448","92","1","2013-12-27 07:12:33"
"903","3","9","2013-05-05","3661","278","207","1","2013-12-27 07:12:33"
"904","3","8","2013-11-17","8077","521","469","1","2013-12-27 07:12:33"
"905","4","8","2013-11-27","8904","852","480","2","2013-12-27 07:12:33"
"906","4","7","2013-04-02","10353","819","581","3","2013-12-27 07:12:33"
"907","2","6","2013-04-20","5444","952","236","3","2013-12-27 07:12:33"
"908","1","8","2013-08-20","3997","596","187","3","2013-12-27 07:12:33"
"909","6","6","2013-07-14","932","346","16","1","2013-12-27 07:12:33"
"910","6","11","2013-12-08","10773","969","589","2","2013-12-27 07:12:33"
"911","5","10","2013-12-07","3149","277","173","3","2013-12-27 07:12:33"
"912","2","8","2013-03-09","5930","490","330","1","2013-12-27 07:12:33"
"913","6","11","2013-06-23","5663","799","271","2","2013-12-27 07:12:33"
"914","6","6","2013-11-06","3036","738","104","2","2013-12-27 07:12:33"
"915","3","8","2013-05-31","12401","808","719","3","2013-12-27 07:12:33"
"916","8","9","2013-10-09","5492","331","322","2","2013-12-27 07:12:33"
"917","4","7","2013-09-14","3124","857","94","2","2013-12-27 07:12:33"
"918","6","6","2013-08-04","3461","403","177","3","2013-12-27 07:12:33"
"919","3","10","2013-01-09","11886","798","686","1","2013-12-27 07:12:33"
"920","7","7","2013-06-03","1535","460","41","2","2013-12-27 07:12:33"
"921","5","6","2013-07-30","6010","800","294","3","2013-12-27 07:12:33"
"922","4","10","2013-06-28","2097","486","75","2","2013-12-27 07:12:33"
"923","2","8","2013-09-13","2305","290","115","1","2013-12-27 07:12:33"
"924","1","8","2013-07-01","4997","961","205","1","2013-12-27 07:12:33"
"925","1","7","2013-05-26","5310","360","306","1","2013-12-27 07:12:33"
"926","2","6","2013-02-18","9785","685","561","2","2013-12-27 07:12:33"
"927","7","10","2013-01-10","3039","192","177","3","2013-12-27 07:12:33"
"928","7","9","2013-05-09","3263","814","109","1","2013-12-27 07:12:33"
"929","3","10","2013-11-16","1205","220","51","1","2013-12-27 07:12:33"
"930","6","11","2013-10-06","2540","985","38","1","2013-12-27 07:12:33"
"931","3","9","2013-11-08","12252","756","716","1","2013-12-27 07:12:33"
"932","2","7","2013-12-17","15554","937","912","2","2013-12-27 07:12:33"
"933","1","7","2013-04-14","885","210","31","1","2013-12-27 07:12:33"
"934","6","8","2013-05-30","3288","564","144","2","2013-12-27 07:12:33"
"935","2","8","2013-10-03","446","103","16","1","2013-12-27 07:12:33"
"936","8","8","2013-04-25","3141","498","143","1","2013-12-27 07:12:33"
"937","6","7","2013-04-23","3057","876","87","1","2013-12-27 07:12:33"
"938","7","6","2013-07-28","7320","885","370","3","2013-12-27 07:12:33"
"939","3","9","2013-11-14","3992","571","190","3","2013-12-27 07:12:33"
"940","2","8","2013-07-19","4043","814","161","1","2013-12-27 07:12:33"
"941","5","6","2013-07-17","12136","848","696","1","2013-12-27 07:12:33"
"942","3","8","2013-03-05","4573","329","261","1","2013-12-27 07:12:33"
"943","4","7","2013-12-09","12576","858","724","1","2013-12-27 07:12:33"
"944","2","11","2013-01-18","918","234","30","1","2013-12-27 07:12:33"
"945","4","10","2013-09-29","9711","603","567","1","2013-12-27 07:12:33"
"946","7","8","2013-03-16","2147","346","97","1","2013-12-27 07:12:33"
"947","1","11","2013-06-25","12324","777","718","2","2013-12-27 07:12:33"
"948","4","11","2013-12-09","4764","597","238","2","2013-12-27 07:12:33"
"949","7","9","2013-05-24","4441","743","197","2","2013-12-27 07:12:33"
"950","8","9","2013-12-17","1357","416","35","2","2013-12-27 07:12:33"
"951","2","6","2013-11-15","7478","529","428","2","2013-12-27 07:12:33"
"952","8","9","2013-08-19","5608","899","254","2","2013-12-27 07:12:33"
"953","4","8","2013-07-06","3545","565","161","1","2013-12-27 07:12:33"
"954","1","7","2013-02-09","8377","926","435","2","2013-12-27 07:12:33"
"955","5","7","2013-08-06","7052","661","382","1","2013-12-27 07:12:33"
"956","3","10","2013-04-09","5274","732","254","2","2013-12-27 07:12:33"
"957","6","8","2013-07-22","621","123","25","2","2013-12-27 07:12:33"
"958","1","11","2013-06-29","6316","698","328","2","2013-12-27 07:12:33"
"959","6","11","2013-11-08","1383","444","33","2","2013-12-27 07:12:33"
"960","4","8","2013-03-06","8107","566","465","1","2013-12-27 07:12:33"
"961","8","6","2013-09-01","2783","919","63","3","2013-12-27 07:12:33"
"962","5","11","2013-10-25","9470","910","510","2","2013-12-27 07:12:33"
"963","5","9","2013-11-12","9895","605","579","2","2013-12-27 07:12:33"
"964","1","11","2013-10-04","6071","358","357","1","2013-12-27 07:12:33"
"965","4","7","2013-11-15","13059","852","757","2","2013-12-27 07:12:33"
"966","2","7","2013-06-02","7373","514","423","2","2013-12-27 07:12:33"
"967","7","8","2013-02-13","3144","192","184","1","2013-12-27 07:12:33"
"968","4","11","2013-09-15","5466","408","310","1","2013-12-27 07:12:33"
"969","7","6","2013-04-29","2210","145","128","3","2013-12-27 07:12:33"
"970","1","11","2013-03-31","7986","498","466","3","2013-12-27 07:12:33"
"971","4","10","2013-05-29","1315","335","43","1","2013-12-27 07:12:33"
"972","8","7","2013-01-03","13405","920","771","3","2013-12-27 07:12:33"
"973","8","10","2013-01-26","5228","694","256","3","2013-12-27 07:12:33"
"974","1","11","2013-12-24","6997","641","381","3","2013-12-27 07:12:33"
"975","1","10","2013-09-08","5592","546","300","2","2013-12-27 07:12:33"
"976","4","6","2013-11-08","12045","990","671","3","2013-12-27 07:12:33"
"977","7","9","2013-04-21","10146","618","594","3","2013-12-27 07:12:33"
"978","8","6","2013-10-14","9249","747","517","3","2013-12-27 07:12:33"
"979","6","8","2013-08-17","5153","964","215","1","2013-12-27 07:12:33"
"980","7","11","2013-08-04","9017","841","489","3","2013-12-27 07:12:33"
"981","2","8","2013-11-30","706","203","20","3","2013-12-27 07:12:33"
"982","5","8","2013-02-23","2882","841","80","1","2013-12-27 07:12:33"
"983","1","9","2013-05-05","3423","324","185","2","2013-12-27 07:12:33"
"984","2","8","2013-05-15","2440","635","78","1","2013-12-27 07:12:33"
"985","7","11","2013-09-22","4614","492","242","2","2013-12-27 07:12:33"
"986","8","6","2013-09-02","4961","553","257","2","2013-12-27 07:12:33"
"987","5","9","2013-01-16","3167","586","133","3","2013-12-27 07:12:33"
"988","1","9","2013-10-06","10416","933","570","1","2013-12-27 07:12:33"
"989","1","6","2013-04-06","6354","657","336","3","2013-12-27 07:12:33"
"990","7","8","2013-03-18","7830","870","406","1","2013-12-27 07:12:33"
"991","6","10","2013-03-14","7009","437","409","2","2013-12-27 07:12:33"
"992","6","11","2013-10-01","5494","872","250","1","2013-12-27 07:12:33"
"993","5","9","2013-01-21","6894","507","392","3","2013-12-27 07:12:33"
"994","6","7","2013-09-08","8381","718","463","2","2013-12-27 07:12:33"
"995","8","7","2013-08-18","9914","667","572","2","2013-12-27 07:12:33"
"996","7","7","2013-09-07","3457","761","129","1","2013-12-27 07:12:33"
"997","8","6","2013-12-25","2100","750","40","1","2013-12-27 07:12:33"
"998","7","7","2013-04-14","3257","496","151","1","2013-12-27 07:12:33"
"999","2","6","2013-07-06","3910","230","230","2","2013-12-27 07:12:33"
"1000","4","8","2013-05-31","2511","573","91","1","2013-12-27 07:12:33"
"1001","6","11","2013-02-22","1574","217","76","3","2013-12-27 07:12:33"
"1002","8","6","2013-04-09","1488","294","60","3","2013-12-27 07:12:33"
"1003","7","6","2013-12-01","1108","149","54","3","2013-12-27 07:12:33"
"1004","5","10","2013-07-03","3383","724","129","3","2013-12-27 07:12:33"
"1005","3","7","2013-05-25","2281","383","101","3","2013-12-27 07:12:33"
"1006","5","7","2013-04-27","10381","788","587","2","2013-12-27 07:12:33"
"1007","8","7","2013-05-03","7146","618","394","1","2013-12-27 07:12:33"
